id,dataset_source,original_conflict_type,scored,question,expected_conflict_type,predicted_conflict_type,conflict_type_correct,resolution_strategy,selected_source,abstained,verified,latency_seconds,reference_answer,final_answer,conflict_explanation
EXT001,situated_qa_temp,No conflict,True,what is the most viewed video on youtube ever,no_conflict,direct_factual_conflict,False,prefer_newer_authoritative_source,Top 10 most-watched videos on YouTube globally as of 2024,False,False,28.8524,Baby Shark Dance,"As of 2024, the most viewed video on YouTube is 'Baby Shark Dance' with 15.17 billion views.","The relevant sources provide incompatible factual values, and there is no explicit temporal, conditional, or source-authority difference that explains the disagreement. Therefore this is a direct factual conflict."
EXT002,situated_qa_temp,Complementary information,True,What treatments exist for Alzheimer's disease?,ambiguous_question,direct_factual_conflict,False,present_both_positions,,False,True,59.9463, ,"There is no cure for Alzheimer's disease, but there are treatments that can temporarily reduce symptoms and provide support to help someone with the condition and their family cope with everyday life. The main medicines for Alzheimer's disease are Acetylcholinesterase (AChE) inhibitors, which increase levels of acetylcholine, a substance in the brain that helps nerve cells communicate with each other. These medicines can currently only be prescribed by specialists, such as psychiatrists or neurologists.","The relevant sources provide incompatible factual values, and there is no explicit temporal, conditional, or source-authority difference that explains the disagreement. Therefore this is a direct factual conflict."
EXT003,situated_qa_geo,Complementary information,True,when did dragon ball z air,ambiguous_question,ambiguous_question,True,ask_for_clarification,,False,True,20.17, ,Could you clarify which condition or population you mean?,"The evidence contains different answers for different conditions or populations: 20th anniversary celebrations, funimation acquired a year before. The question does not specify which condition or population is intended, so clarification is required."
EXT004,conflicting_qa,No conflict,True,Can gene therapy reverse the aging process?,no_conflict,temporal_conflict,False,prefer_newer_authoritative_source,'Chemical cocktail' may reverse aging in just 1 week | Fortune Well,False,True,23.86,Yes,Harvard scientists have identified a drug combo that may reverse aging in just one week.,"The relevant sources contain different values and explicit temporal evidence such as different policy years, versions, or supersession."
EXT005,qacc,Complementary information,True,Where do you go to get a mortgage loan?,ambiguous_question,temporal_conflict,False,prefer_newer_authoritative_source,Home Mortgage Loans from Bank of America,False,True,22.2338, ,Please contact us to discuss mortgage needs.,"The relevant sources contain different values and explicit temporal evidence such as different policy years, versions, or supersession."
EXT006,freshqa,Complementary information,True,What is the minimum hourly wage in Massachusetts right now?,conditional_conflict,conditional_conflict,True,explain_conditional_difference,,False,True,23.4339,$15,"The state adopts the federal minimum wage rate by reference if the federal rate is greater than the State rate. Maine If the highest federal minimum wage is increased in excess of the State minimum wage in effect, then the State minimum wage will increase to the same amount, effective on the same date as the increase in the federal minimum wage. The Massachusetts minimum wage increased to $15 per hour on January 1, 2023 for non-tipped employees. The Massachusetts tipped employee minimum wage is $6.75 per hour.","The relevant claims apply under different explicit conditions or populations: for non-tipped employees, if the federal rate is greater than the state rate, if the highest federal minimum wage is increased in excess of the state minimum wage in effect, if you run a business with tipped employees (defined as employees who receive more than $20 a month in tips)."
EXT007,freshqa,Conflict due to outdated information,True,How many novels has Stephen King published?,temporal_conflict,temporal_conflict,True,prefer_newer_authoritative_source,Stephen King Books in Order (Updated 2024) - BiblioLifestyle,False,True,16.9631,Over 60,"The earliest book in Stephen King's list is Carrie, published in 1974.","The relevant sources contain different values and explicit temporal evidence such as different policy years, versions, or supersession."
EXT008,conflicting_qa,Complementary information,True,Is it bad to brush your teeth more than twice a day?,conditional_conflict,direct_factual_conflict,False,present_both_positions,,False,True,57.0217,"While not always bad, brushing more than 2 times a day could be harmful so should be done with caution","Based on the evidence provided, there is a direct factual conflict regarding whether it is bad to brush your teeth more than twice a day. The sources 'How Long (and Often) To Brush Your Teeth - Cleveland Clinic' and 'Do You Brush Your Teeth Too Much?' both recommend brushing twice a day, while 'Is It Bad to Brush Your Teeth More Than Twice a Day? - Oral Health ...' suggests that brushing more than twice a day can lead to tooth enamel wearing down and damage to gums. Therefore, both sources provide conflicting information on this point.","The relevant sources provide incompatible factual values, and there is no explicit temporal, conditional, or source-authority difference that explains the disagreement. Therefore this is a direct factual conflict."
EXT009,situated_qa_geo,Complementary information,True,when was red bull released,ambiguous_question,temporal_conflict,False,prefer_newer_authoritative_source,History of Red Bull: Giving Wiiings Since 1987,False,True,22.2178, ,Red Bull was founded in 1987.,"The relevant sources contain different values and explicit temporal evidence such as different policy years, versions, or supersession."
EXT010,freshqa,Conflict due to outdated information,True,Do Tesla and X Corp. have the same CEO?,temporal_conflict,temporal_conflict,True,prefer_newer_authoritative_source,X Corp. - Wikipedia,False,True,34.2226,No,"On May 11, 2023, Musk tweeted that he had found his replacement as Twitter and X Corp.'s CEO.","The relevant sources contain different values and explicit temporal evidence such as different policy years, versions, or supersession."
EXT011,conflicting_qa,Conflicting opinions and research outcomes,True,Is Subliminal Advertising Real?,direct_factual_conflict,direct_factual_conflict,True,present_both_positions,,False,True,62.2919, ,"The provided evidence supports the notion that subliminal advertising is a real phenomenon, but does not provide enough information to determine its validity or effectiveness. There is no direct contradiction between the sources, but they do not explicitly state whether subliminal advertising is real or not.","The relevant sources provide incompatible factual values, and there is no explicit temporal, conditional, or source-authority difference that explains the disagreement. Therefore this is a direct factual conflict."
EXT012,situated_qa_temp,Complementary information,True,Which language do Lithuanians speak?,conditional_conflict,temporal_conflict,False,prefer_newer_authoritative_source,Lithuanian language (lietuvių kalba) - UCL,False,True,36.708,Lithuanian,Lithuanian belongs to the family of Baltic languages.,"The relevant sources contain different values and explicit temporal evidence such as different policy years, versions, or supersession."
EXT013,situated_qa_geo,Complementary information,True,who has the biggest airport,ambiguous_question,temporal_conflict,False,prefer_newer_authoritative_source,List of busiest airports by passenger traffic - Wikipedia,False,True,35.1946, ,The Airports Council International's (ACI) annual figures are always used in the final presentation and ranking.,"The relevant sources contain different values and explicit temporal evidence such as different policy years, versions, or supersession."
EXT014,qacc,Conflicting opinions and research outcomes,True,what was the population of the roman empire at its height?,direct_factual_conflict,ambiguous_question,False,ask_for_clarification,,False,True,26.2185, ,Could you clarify which condition or population you mean?,"The evidence contains different answers for different conditions or populations: according to some historians, geography and demography. The question does not specify which condition or population is intended, so clarification is required."
EXT015,freshqa,Conflict due to misinformation,False,What is the best-selling jazz album of all time?,,direct_factual_conflict,,present_both_positions,,False,True,36.58,Kind of Blue,"The best-selling jazz album of all time is a matter of opinion and can vary based on different criteria. The evidence provided indicates that 'Kind Of Blue' is considered one of the top-selling jazz albums of all time, but it does not explicitly state that it is the best-selling. Other sources might have different opinions.","The relevant sources provide incompatible factual values, and there is no explicit temporal, conditional, or source-authority difference that explains the disagreement. Therefore this is a direct factual conflict."
EXT016,freshqa,Conflict due to outdated information,True,Who is the current ATP top-ranked men's singles tennis player?,temporal_conflict,insufficient_evidence,False,abstain,,True,True,18.0262,Jannik Sinner ( ITA ),I do not have enough evidence to answer this question reliably.,The supplied evidence does not contain claims relevant to the question. Therefore there is insufficient evidence to provide a reliable answer.
EXT017,situated_qa_geo,Complementary information,True,when did women get the vote,conditional_conflict,direct_factual_conflict,False,present_both_positions,,False,True,90.2758,"August 18, 1920","The 19th Amendment to the U.S. Constitution, which granted women the right to vote, was ratified on August 18, 1920. This information is provided by the source '19th Amendment to the U.S. Constitution: Women's Right to Vote ...'. However, it is important to note that the evidence also includes information about women's suffrage in other countries, which is provided by the source 'Women's suffrage - Wikipedia'.","The relevant sources provide incompatible factual values, and there is no explicit temporal, conditional, or source-authority difference that explains the disagreement. Therefore this is a direct factual conflict."
EXT018,qacc,Complementary information,True,what's the highest point in the us?,conditional_conflict,temporal_conflict,False,prefer_newer_authoritative_source,United States: highest point in each state or territory - Statista,False,True,45.7187,Denali in Alaska ,"The highest point in the United States is Denali, Alaska (formerly known as Mount McKinley) at 20,310 feet (6.2km) above sea level.","The relevant sources contain different values and explicit temporal evidence such as different policy years, versions, or supersession."
EXT019,qacc,Conflict due to misinformation,False,When did season 5 of prison break come out?,,direct_factual_conflict,,prefer_newer_authoritative_source,Season 5 – Prison Break - Rotten Tomatoes,False,False,65.7255,"April 4, 2017","Season 5 of Prison Break came out on April 5, 2024.","The relevant sources provide incompatible factual values, and there is no explicit temporal, conditional, or source-authority difference that explains the disagreement. Therefore this is a direct factual conflict."
EXT020,freshqa,Conflict due to outdated information,True,Who is the highest-paid athlete in the world?,temporal_conflict,direct_factual_conflict,False,prefer_newer_authoritative_source,Forbes 2024 World's Highest-Paid Athletes List,False,False,51.1188,Cristiano Ronaldo,"Based on the information provided by the Forbes 2024 World's Highest-Paid Athletes List, Cristiano Ronaldo is the world's highest-paid athlete for the fourth time in his career, earning an estimated $260 million over the last 12 months.","The relevant sources provide incompatible factual values, and there is no explicit temporal, conditional, or source-authority difference that explains the disagreement. Therefore this is a direct factual conflict."
EXT021,situated_qa_geo,Conflict due to misinformation,False,when was nutella first sold,,ambiguous_question,,ask_for_clarification,,False,True,42.2752,1964,Could you clarify which condition or population you mean?,"The evidence contains different answers for different conditions or populations: after world war ii, named after a local carnival character, named after the giandujot paste. The question does not specify which condition or population is intended, so clarification is required."
EXT022,conflicting_qa,Conflicting opinions and research outcomes,True,Should animals be used for research?,direct_factual_conflict,direct_factual_conflict,True,present_both_positions,,False,True,83.2133, ,"The provided evidence supports both the use and the non-use of animals in research. Some sources argue for the necessity of animal research due to the complexity of human systems and the need for safety testing of new treatments. Other sources emphasize the biological similarities between animals and humans and the ability to control the environment around the animal, which supports the use of animals in research. There is no clear consensus among the sources provided.","The relevant sources provide incompatible factual values, and there is no explicit temporal, conditional, or source-authority difference that explains the disagreement. Therefore this is a direct factual conflict."
EXT023,qacc,No conflict,True,who sings gone gone gone she been gone so long?,no_conflict,temporal_conflict,False,prefer_newer_authoritative_source,"My Girl (Gone, Gone, Gone) (1981) - Chilliwack - YouTube",False,True,49.5258,Chiliwack,Google automatically detects requests coming from your computer network which appear to be in violation of the Terms of Service.,"The relevant sources contain different values and explicit temporal evidence such as different policy years, versions, or supersession."
EXT024,conflicting_qa,Conflicting opinions and research outcomes,True,Does centrifugal force exist?,direct_factual_conflict,direct_factual_conflict,True,present_both_positions,,False,True,84.89, ,"The provided evidence does not contain any direct claims regarding the existence of centrifugal force. The first piece of evidence discusses a centrifugal force-driven system for generating micronozzles, while the second piece discusses the concept of centrifugal force and its behavior. Since there are no direct claims about the existence of centrifugal force in the provided evidence, there is no conflict to detect.","The relevant sources provide incompatible factual values, and there is no explicit temporal, conditional, or source-authority difference that explains the disagreement. Therefore this is a direct factual conflict."
EXT025,situated_qa_geo,Complementary information,True,what type of french is spoken,ambiguous_question,direct_factual_conflict,False,present_both_positions,,False,True,49.7772, ,"The provided sources do not specify the type of French spoken in a particular context. The sources 'French language - Wikipedia' and '9 French Dialects from Around the World | Voice Crafters' provide information about the distribution and status of French in various contexts, including Canada and Haiti, but do not specify the type of French spoken in a particular region or context.","The relevant sources provide incompatible factual values, and there is no explicit temporal, conditional, or source-authority difference that explains the disagreement. Therefore this is a direct factual conflict."
EXT026,situated_qa_temp,Conflict due to outdated information,True,when was the last time cleveland browns went to playoffs,temporal_conflict,direct_factual_conflict,False,prefer_newer_authoritative_source,Cleveland Browns Playoff History | 1950 - 2024 - Champs or Champs,False,False,34.8683,2023,"The Cleveland Browns last went to the playoffs in 2023, in the Wild Card Round.","The relevant sources provide incompatible factual values, and there is no explicit temporal, conditional, or source-authority difference that explains the disagreement. Therefore this is a direct factual conflict."
EXT027,situated_qa_geo,Complementary information,True,when was the multiculturalism policy passed,conditional_conflict,temporal_conflict,False,prefer_newer_authoritative_source,Canadian Multiculturalism Act,False,True,40.3865,1971,The Canadian Multiculturalism Act was introduced by David Crombie on 1 December 1987.,"The relevant sources contain different values and explicit temporal evidence such as different policy years, versions, or supersession."
EXT028,freshqa,Conflict due to outdated information,True,Who is the most recent former Prime Minister of the United Kingdom?,temporal_conflict,direct_factual_conflict,False,prefer_authoritative_source,British Prime Ministers | University of Oxford,False,False,63.9967,Rishi Sunak,"The most recent former Prime Minister of the United Kingdom is Theresa May, who served from July 2016 to June 2017.","The relevant sources provide incompatible factual values, and there is no explicit temporal, conditional, or source-authority difference that explains the disagreement. Therefore this is a direct factual conflict."
EXT029,situated_qa_geo,Complementary information,True,when did we first wear green and gold,ambiguous_question,temporal_conflict,False,prefer_newer_authoritative_source,National colours of Australia - Wikipedia,False,True,39.7954, ,The first Australian national sporting team to wear green and gold was the Australian cricket team that toured England in 1899.,"The relevant sources contain different values and explicit temporal evidence such as different policy years, versions, or supersession."
EXT030,freshqa,Conflict due to misinformation,False,How many FIFA World Cups has Argentina won?,,direct_factual_conflict,,prefer_newer_authoritative_source,Argentina at the FIFA World Cup - Wikipedia,False,False,75.1088,3,Argentina has won 3 FIFA World Cups.,"The relevant sources provide incompatible factual values, and there is no explicit temporal, conditional, or source-authority difference that explains the disagreement. Therefore this is a direct factual conflict."
EXT031,situated_qa_geo,Complementary information,True,when did channel 5 start,ambiguous_question,direct_factual_conflict,False,prefer_authoritative_source,Channel 5 (British TV channel) - Wikipedia,False,False,65.1745, ,Channel 5 started on 30 March 1997 (Easter Sunday) at 6 p.m.,"The relevant sources provide incompatible factual values, and there is no explicit temporal, conditional, or source-authority difference that explains the disagreement. Therefore this is a direct factual conflict."
EXT032,freshqa,Complementary information,True,How many books has Shoshana Zuboff published?,ambiguous_question,direct_factual_conflict,False,prefer_newer_authoritative_source,Shoshana Zuboff - Wikipedia,False,False,84.4314, ,"Based on the evidence provided, there is no explicit claim about the number of books Shoshana Zuboff has published. The relevant sources focus on her works, awards, and positions, but do not specify the total number of books she has authored. The Wikipedia source provides more direct information about her works, including the titles of her books 'In the Age of the Smart Machine: The Future of Work and Power' and 'The Support Economy: Why Corporations Are Failing Individuals and the Next Episode of Capitalism'.","The relevant sources provide incompatible factual values, and there is no explicit temporal, conditional, or source-authority difference that explains the disagreement. Therefore this is a direct factual conflict."
EXT033,freshqa,Conflict due to outdated information,True,What is the name of the world's fastest supercomputer?,temporal_conflict,direct_factual_conflict,False,prefer_newer_authoritative_source,US' El Capitan Is Now the World's Fastest Supercomputer | PCMag,False,False,79.0368,EL-Capitan ,El Capitan,"The relevant sources provide incompatible factual values, and there is no explicit temporal, conditional, or source-authority difference that explains the disagreement. Therefore this is a direct factual conflict."
EXT034,conflicting_qa,Conflicting opinions and research outcomes,True,Do cameras reduce crime?,direct_factual_conflict,direct_factual_conflict,True,present_both_positions,,False,True,52.8016, ,"The evidence provided by the sources does not directly support or refute the claim that cameras reduce crime. The sources indicate that CCTV does not have a statistically significant effect in reducing crime overall, but they also mention that CCTV-generated enforcement is related to the reduction of certain types of crime. The sources do not provide a clear consensus on whether cameras reduce crime or not.","The relevant sources provide incompatible factual values, and there is no explicit temporal, conditional, or source-authority difference that explains the disagreement. Therefore this is a direct factual conflict."
EXT035,conflicting_qa,Complementary information,True,Is a 'pled' a correct past tense of 'plead'?,conditional_conflict,conditional_conflict,True,explain_conditional_difference,,False,True,35.2734,Yes,"Many people think that pled is the preferred term in the UK, but that’s not the case. However, Australia seems to have a preference for the spelling 'pled' over 'pleaded'. When thinking of pleading guilty, 'pleaded' is more commonly used than 'pled'.","The relevant claims apply under different explicit conditions or populations: in america, canada, and the uk, in australia, in the uk, when thinking of pleading guilty."
EXT036,qacc,Conflicting opinions and research outcomes,True,when was the first temple built in jerusalem?,direct_factual_conflict,temporal_conflict,False,prefer_newer_authoritative_source,Solomon's Temple - Wikipedia,False,True,22.2389, ,The First Temple was destroyed during the Siege of Jerusalem by Nebuchadnezzar II of the Neo-Babylonian Empire in 587 BCE.,"The relevant sources contain different values and explicit temporal evidence such as different policy years, versions, or supersession."
EXT037,freshqa,No conflict,True,How many accounts have exceeded 100 million followers on Instagram?,no_conflict,direct_factual_conflict,False,present_both_positions,,False,True,47.6691,at least 5 accounts,"Based on the evidence provided, there is no claim about the number of accounts that have exceeded 100 million followers on Instagram. The evidence focuses on the number of followers of specific individuals and the growth rate of Instagram's Monthly Active Users (MAUs). Therefore, no resolution is needed as the evidence does not contain the specific information requested.","The relevant sources provide incompatible factual values, and there is no explicit temporal, conditional, or source-authority difference that explains the disagreement. Therefore this is a direct factual conflict."
EXT038,conflicting_qa,Conflicting opinions and research outcomes,True,Do birds mate for life?,direct_factual_conflict,direct_factual_conflict,True,present_both_positions,,False,True,46.9259, ,"The evidence provided does not explicitly state that all birds mate for life. However, it mentions that Bald eagles mate for life and that approximately 90% of bird species partner up for life. This suggests that while some birds do mate for life, it is not a universal behavior across all bird species.","The relevant sources provide incompatible factual values, and there is no explicit temporal, conditional, or source-authority difference that explains the disagreement. Therefore this is a direct factual conflict."
EXT039,qacc,Conflict due to misinformation,False,Where did the expression a bridge too far come from?,,direct_factual_conflict,,present_both_positions,,False,True,33.0118,Operation Market Garden during World War II. ,"The expression 'a bridge too far' comes from the Battle of Arnhem during World War II. The phrase was used to describe the impracticality of the Allied forces' plan to cross the Rhine River and liberate the Netherlands. The origin of the phrase is not explicitly stated in the provided evidence, but it is commonly associated with this historical event.","The relevant sources provide incompatible factual values, and there is no explicit temporal, conditional, or source-authority difference that explains the disagreement. Therefore this is a direct factual conflict."
EXT040,conflicting_qa,Conflicting opinions and research outcomes,True,Does Brain Training actually improve cognitive function?,direct_factual_conflict,conditional_conflict,False,explain_conditional_difference,,False,True,48.2652, ,"Informal mentally stimulating activities, such as reading or playing games, may lower the risk of Alzheimer’s-related cognitive impairment and dementia. Some types of cognitive training conducted in a research setting also seem to have benefits. A 2019 study found that people with more frequent social contact were less likely to experience cognitive decline and dementia. A 2019 review notes that bilingualism increases and strengthens connectivity between different areas of the brain.","The relevant claims apply under different explicit conditions or populations: a 2019 review notes, a 2019 study found, observational studies suggest this, some types of cognitive training conducted in a research setting, the researchers propose."
EXT041,situated_qa_temp,No conflict,True,what is the biggest country in europe by population?,no_conflict,temporal_conflict,False,prefer_newer_authoritative_source,Key facts and figures | European Union,False,True,37.3712,Russia,The EU has more than 448 million inhabitants.,"The relevant sources contain different values and explicit temporal evidence such as different policy years, versions, or supersession."
EXT042,situated_qa_geo,Complementary information,True,who had the right to vote,ambiguous_question,temporal_conflict,False,prefer_newer_authoritative_source,History of Voting,False,True,28.2455, ,"In 1868, the 14th Amendment recognized African Americans as citizens, giving them the right to vote.","The relevant sources contain different values and explicit temporal evidence such as different policy years, versions, or supersession."
EXT043,conflicting_qa,No conflict,True,Do we know what causes Alzheimer's disease?,no_conflict,temporal_conflict,False,prefer_newer_authoritative_source,What Causes Alzheimer's Disease? | National Institute on Aging,False,True,38.0419,No,Scientists don't yet fully understand what causes Alzheimer's disease in most people.,"The relevant sources contain different values and explicit temporal evidence such as different policy years, versions, or supersession."
EXT044,situated_qa_temp,No conflict,True,how many seasons are there for lost girl,no_conflict,temporal_conflict,False,prefer_newer_authoritative_source,Lost Girl - The Complete Series [DVD] : Movies & TV - Amazon.com,False,True,47.6991,5,"The complete five seasons of Lost Girl follows the life of a succubus named Bo, as she learns to control her abilities, and discovers the truth about her origins.","The relevant sources contain different values and explicit temporal evidence such as different policy years, versions, or supersession."
EXT045,freshqa,Conflict due to outdated information,True,What is the title of Taylor Swift's most recent studio album?,temporal_conflict,direct_factual_conflict,False,present_both_positions,,False,True,78.5094,The Tortured Poets Department,"The most recent studio album by Taylor Swift is 1989 (Taylor's Version), which was released in 2014. However, the evidence does not specify if this is her most recent studio album or if she has any other studio albums.","The relevant sources provide incompatible factual values, and there is no explicit temporal, conditional, or source-authority difference that explains the disagreement. Therefore this is a direct factual conflict."
EXT046,freshqa,Conflict due to outdated information,True,Who is the latest MotoGP World Riders' Champion?,temporal_conflict,direct_factual_conflict,False,prefer_newer_authoritative_source,2022 MotoGP World Championship - Wikipedia,False,False,59.7254,Jorge Martin,"Based on the evidence provided, the 2022 MotoGP World Championship was won by Francesco Bagnaia, who also achieved the riders' championship in that year. However, the evidence does not provide information about the latest MotoGP World Riders' Champion. Therefore, the answer to the question is that the latest MotoGP World Riders' Champion is not specified in the provided evidence.","The relevant sources provide incompatible factual values, and there is no explicit temporal, conditional, or source-authority difference that explains the disagreement. Therefore this is a direct factual conflict."
EXT047,freshqa,No conflict,True,Who was the winner of American Idol this year?,no_conflict,direct_factual_conflict,False,prefer_newer_authoritative_source,The Complete List of 'American Idol' Winners | Entertainment Tonight,False,False,74.0795,Abi Carter,Abi Carter won season 22 of American Idol this year.,"The relevant sources provide incompatible factual values, and there is no explicit temporal, conditional, or source-authority difference that explains the disagreement. Therefore this is a direct factual conflict."
EXT048,freshqa,No conflict,True,Who are the latest champions of the North America's oldest professional sports trophy?,no_conflict,direct_factual_conflict,False,prefer_newer_authoritative_source,Stanley Cup Finals - Wikipedia,False,False,75.3783,Montreal Canadiens,"The latest champions of the North America's oldest professional sports trophy, the Stanley Cup, are not explicitly stated in the provided evidence. The evidence focuses on the history and status of the Stanley Cup, including its early winners and the pattern of alternation between East and West in the championship finals. The preferred source, 'Stanley Cup Finals - Wikipedia', has the highest relevance and applicability to the user's question, but it does not specify the most recent champions.","The relevant sources provide incompatible factual values, and there is no explicit temporal, conditional, or source-authority difference that explains the disagreement. Therefore this is a direct factual conflict."
EXT049,situated_qa_temp,Conflict due to outdated information,True,Where is the next Grand Prix?,temporal_conflict,direct_factual_conflict,False,present_both_positions,,False,True,88.4721,"Melbourne, Australia","The next Grand Prix is the Australian Grand Prix, which is Round 1 of the 2024 FIA Formula One World Championship. However, the sources do not provide a specific date for the next race.","The relevant sources provide incompatible factual values, and there is no explicit temporal, conditional, or source-authority difference that explains the disagreement. Therefore this is a direct factual conflict."
EXT050,qacc,No conflict,True,how many us states currently use capital punishment?,no_conflict,direct_factual_conflict,False,present_both_positions,,False,True,111.4136,27,"Based on the provided evidence, there is no direct claim about the current number of US states that use capital punishment. The sources provide information about the history and status of capital punishment in various states, but do not specify the current number of states using the death penalty. Therefore, we cannot determine the exact number of US states that currently use capital punishment.","The relevant sources provide incompatible factual values, and there is no explicit temporal, conditional, or source-authority difference that explains the disagreement. Therefore this is a direct factual conflict."
EXT051,freshqa,No conflict,True,How many vehicle models does Tesla offer?,no_conflict,conditional_conflict,False,explain_conditional_difference,,False,True,52.5947,4,"Tesla expanded its four-model lineup to 12 versions with the introduction of the Standard Range Model S and Model X. Including wheel options, the total number of Tesla models increases to 22.","The relevant claims apply under different explicit conditions or populations: including wheel options, recent introduction of the standard range model s and model x."
EXT052,conflicting_qa,Conflicting opinions and research outcomes,True,Can detox diets help in weight loss?,direct_factual_conflict,direct_factual_conflict,True,present_both_positions,,False,True,90.593, ,"The evidence provided by the sources does not explicitly state whether detox diets help with weight loss. However, one source claims that detoxing can be an effective way to lose weight and help with overall health, while another source mentions that detox diets are typically very rigid and involve eating the same few things over and over. Both sources agree that detoxing has gained popularity as a method for weight loss and overall well-being.","The relevant sources provide incompatible factual values, and there is no explicit temporal, conditional, or source-authority difference that explains the disagreement. Therefore this is a direct factual conflict."
EXT053,situated_qa_temp,Conflict due to outdated information,True,how many students attend university of texas at austin,temporal_conflict,temporal_conflict,True,prefer_newer_authoritative_source,The University of Texas at Austin | Data USA,False,True,56.2692,"51,913","The University of Texas at Austin has 49,081 students.","The relevant sources contain different values and explicit temporal evidence such as different policy years, versions, or supersession."
EXT054,situated_qa_geo,Complementary information,True,when was christianity became the official religion,ambiguous_question,temporal_conflict,False,prefer_newer_authoritative_source,Christianity becomes the religion of the Roman Empire - DW,False,True,53.5326, ,"Christianity becomes the religion of the Roman Empire on February 27, 380.","The relevant sources contain different values and explicit temporal evidence such as different policy years, versions, or supersession."
EXT055,conflicting_qa,Conflicting opinions and research outcomes,True,Does yoga help increase height?,direct_factual_conflict,ambiguous_question,False,ask_for_clarification,,False,True,51.6235, ,Could you clarify which condition or population you mean?,"The evidence contains different answers for different conditions or populations: depending on your activities, for the most part. The question does not specify which condition or population is intended, so clarification is required."
EXT056,situated_qa_geo,Conflict due to outdated information,True,total number of cafe coffee day,temporal_conflict,direct_factual_conflict,False,prefer_newer_authoritative_source,Number of Cafe Coffee Day locations in India in 2023 - ScrapeHero,False,False,73.4653,450,"As of February 21, 2023, there are 1,384 Cafe Coffee Day stores in India.","The relevant sources provide incompatible factual values, and there is no explicit temporal, conditional, or source-authority difference that explains the disagreement. Therefore this is a direct factual conflict."
EXT057,conflicting_qa,Conflicting opinions and research outcomes,True,Is online learning as effective as traditional classroom learning?,direct_factual_conflict,direct_factual_conflict,True,present_both_positions,,False,True,78.1688, ,"The provided sources present conflicting claims regarding the effectiveness of online learning compared to traditional classroom learning. Some sources suggest that online learning is more effective, citing reasons such as students gaining more knowledge and the effectiveness of online education in helping students earn their degrees. Other sources indicate that online education is as effective as traditional on-campus schooling, noting the number of students enrolled in online courses and their ability to gain the necessary information for their degrees. There is no clear consensus on which method is more effective.","The relevant sources provide incompatible factual values, and there is no explicit temporal, conditional, or source-authority difference that explains the disagreement. Therefore this is a direct factual conflict."
EXT058,situated_qa_geo,No conflict,True,who signed the declaration of independence,no_conflict,temporal_conflict,False,prefer_newer_authoritative_source,Who signed the Declaration of Independence?,False,True,32.3588,56 delegates to the Continental Congress,56 delegates to the Continental Congress signed the engrossed Declaration of Independence.,"The relevant sources contain different values and explicit temporal evidence such as different policy years, versions, or supersession."
EXT059,conflicting_qa,Complementary information,True,Are somatic mutations passed to offspring?,ambiguous_question,direct_factual_conflict,False,present_both_positions,,False,True,70.7627, ,"The provided evidence does not explicitly state whether somatic mutations are passed to offspring in general. The sources discuss somatic mutations in coral and their genetic consequences, but do not provide a direct answer to the question of whether somatic mutations are passed to offspring in all organisms. Therefore, both positions can be presented.","The relevant sources provide incompatible factual values, and there is no explicit temporal, conditional, or source-authority difference that explains the disagreement. Therefore this is a direct factual conflict."
EXT060,conflicting_qa,Conflicting opinions and research outcomes,True,Does every startup need a business plan?,direct_factual_conflict,direct_factual_conflict,True,present_both_positions,,False,True,41.623, ,"Based on the evidence provided, there is no direct statement that every startup needs a business plan. The sources focus on the benefits and structure of a business plan, but do not make a blanket statement about all startups needing one. Therefore, the answer to whether every startup needs a business plan is not explicitly clear from the given sources.","The relevant sources provide incompatible factual values, and there is no explicit temporal, conditional, or source-authority difference that explains the disagreement. Therefore this is a direct factual conflict."
